car_age,mileage,engine_size,owners,fuel_type,transmission,accident_history,city_tier,price
12,147184,2.2,0,petrol,manual,yes,tier1,2779.46
5,57179,1.2,0,petrol,automatic,yes,tier2,15101.28
11,135666,1.9,2,diesel,manual,yes,tier2,3428.63
5,63793,2.2,1,diesel,manual,no,tier1,19633.44
6,83474,1.7,1,hybrid,automatic,no,tier1,22904.57
14,186364,1.4,1,petrol,automatic,yes,tier2,1200.0
4,56512,1.7,3,hybrid,manual,no,tier2,19713.06
8,91756,2.0,1,electric,manual,no,tier1,20549.67
3,43613,2.4,0,diesel,manual,no,tier1,28946.69
11,137630,1.8,0,electric,manual,no,tier1,13217.37
11,135640,2.1,2,hybrid,manual,no,tier1,11914.9
3,42183,1.5,3,electric,manual,no,tier1,24902.42
10,115638,2.7,2,electric,automatic,yes,tier2,12557.5
9,111788,2.8,2,petrol,automatic,yes,tier3,10133.97
2,31636,0.9,0,hybrid,automatic,no,tier2,24280.8
15,203384,2.0,1,petrol,manual,no,tier1,1200.0
13,163934,2.4,0,petrol,manual,no,tier1,8114.61
9,139511,1.4,1,hybrid,automatic,no,tier1,14554.62
1,24348,1.3,0,petrol,manual,yes,tier3,20525.72
4,59249,1.9,3,hybrid,manual,no,tier2,22288.58
9,123233,2.9,1,petrol,automatic,no,tier2,15733.15
1,26218,1.5,0,diesel,automatic,yes,tier2,20920.14
4,47313,1.6,2,diesel,automatic,no,tier3,22258.76
5,66659,1.0,0,hybrid,manual,no,tier2,20386.63
13,164467,1.6,2,electric,manual,no,tier2,4574.83
13,171059,2.1,1,petrol,manual,no,tier1,6996.37
5,56097,2.0,1,petrol,automatic,no,tier2,20547.15
15,180288,1.8,2,diesel,manual,yes,tier2,1200.0
1,25393,2.0,0,petrol,automatic,no,tier1,30821.97
4,66214,2.2,0,petrol,automatic,no,tier2,21223.68
15,190374,2.0,1,petrol,manual,no,tier2,2097.2
13,172941,2.2,0,petrol,automatic,no,tier3,4526.12
8,107306,2.3,3,hybrid,manual,no,tier2,14370.16
2,38520,1.6,1,electric,manual,no,tier1,29168.58
10,128157,1.9,1,diesel,automatic,no,tier3,10923.84
15,197294,1.1,0,electric,automatic,no,tier1,4925.49
4,61582,2.1,1,hybrid,manual,no,tier3,21428.11
7,101894,2.3,1,hybrid,manual,no,tier1,19302.01
14,173603,1.6,1,hybrid,automatic,yes,tier2,1200.0
14,174391,1.8,1,petrol,automatic,no,tier1,4276.57
7,91104,1.6,0,petrol,manual,no,tier1,18806.03
3,40104,2.0,1,diesel,automatic,no,tier3,23736.43
2,31497,2.0,1,hybrid,automatic,no,tier2,28723.19
4,56009,1.6,0,petrol,automatic,yes,tier2,14527.17
8,100892,2.2,0,petrol,manual,yes,tier3,7598.54
6,92886,1.6,2,diesel,manual,no,tier1,17658.81
0,26557,,0,hybrid,manual,yes,tier1,24222.6
5,65189,2.0,1,diesel,manual,no,tier3,18736.18
7,102626,1.7,0,petrol,automatic,no,tier3,13699.13
10,131655,2.6,1,hybrid,automatic,no,tier2,15476.9
9,118937,1.8,1,diesel,manual,no,tier1,12923.4
5,68636,2.3,1,diesel,manual,no,tier2,20091.8
12,148401,2.2,0,petrol,automatic,no,tier1,5388.53
10,127411,3.1,0,hybrid,automatic,no,tier1,16429.69
9,117255,2.4,0,electric,manual,no,tier1,18829.6
4,41149,1.9,0,petrol,manual,no,tier2,21841.44
12,161740,1.8,0,petrol,manual,no,tier1,7355.22
12,148313,1.9,1,petrol,automatic,no,tier1,9236.54
4,57207,1.0,0,petrol,manual,no,tier2,20054.8
5,62316,1.3,1,petrol,manual,no,tier1,20792.29
10,130422,1.5,1,petrol,manual,no,tier1,9203.46
12,156621,0.9,2,petrol,manual,no,tier1,3957.78
12,155712,1.5,0,petrol,manual,yes,tier3,2050.55
7,95527,2.9,2,petrol,automatic,no,tier1,16691.33
12,156085,2.3,1,diesel,manual,no,tier3,8198.38
9,131720,2.4,1,petrol,automatic,yes,tier2,6890.54
1,19910,0.9,0,petrol,automatic,no,tier1,30802.2
7,108119,1.5,1,petrol,automatic,no,tier1,16734.05
2,36436,2.4,1,diesel,automatic,no,tier2,27839.7
1,23092,1.5,0,electric,automatic,no,tier2,30820.63
4,52684,1.9,1,petrol,automatic,no,tier1,24786.89
13,158400,1.8,1,diesel,automatic,no,tier1,8230.0
10,119503,2.2,0,petrol,automatic,no,tier1,14966.18
10,138965,1.6,1,petrol,automatic,no,tier1,8846.53
15,184673,1.6,0,hybrid,automatic,no,tier3,1736.81
3,29949,1.3,0,petrol,automatic,no,tier2,26801.9
9,122155,2.0,2,petrol,automatic,no,tier2,12528.27
8,121620,2.1,0,petrol,manual,yes,tier2,10154.31
8,95996,1.5,1,diesel,manual,no,tier3,12782.61
0,7004,2.0,2,electric,automatic,yes,tier2,26872.59
4,54996,0.9,1,hybrid,manual,no,tier1,21077.03
10,112119,0.9,0,petrol,manual,no,tier1,11198.55
13,166169,1.1,1,diesel,manual,no,tier1,6266.1
0,21642,,0,petrol,manual,yes,tier2,22485.65
8,90915,1.8,0,hybrid,manual,no,tier3,15018.57
2,28105,1.5,1,diesel,manual,no,tier1,25257.09
1,30152,2.1,0,electric,automatic,no,tier2,31398.59
8,122447,1.2,2,diesel,automatic,no,tier3,11471.38
13,166882,1.7,0,diesel,automatic,no,tier2,5074.53
0,9242,1.2,0,hybrid,automatic,no,tier1,32704.81
15,190364,2.0,1,petrol,automatic,no,tier1,1200.0
0,18838,3.3,2,petrol,manual,no,tier3,31715.83
7,107594,1.9,0,hybrid,manual,no,tier1,18322.57
2,36122,0.9,3,hybrid,manual,yes,tier1,20837.19
14,173267,2.0,4,diesel,automatic,no,tier1,6746.89
1,32839,2.3,0,petrol,manual,yes,tier1,24988.69
5,54394,1.8,0,hybrid,automatic,yes,tier2,19066.78
6,87505,3.5,3,diesel,manual,yes,tier1,16606.49
13,164811,2.2,1,hybrid,manual,no,tier1,8527.72
15,190919,2.1,0,petrol,automatic,no,tier2,4306.93
5,65036,2.3,1,petrol,manual,no,tier3,21057.29
1,35295,2.0,1,diesel,manual,no,tier2,26038.58
11,145813,0.9,0,petrol,manual,no,tier2,6848.37
9,128027,2.0,1,petrol,manual,no,tier3,11969.62
8,119421,1.9,0,petrol,automatic,yes,tier3,5806.14
0,1117,1.9,0,petrol,manual,yes,tier1,27651.14
2,42692,1.0,0,electric,automatic,no,tier3,25798.99
10,129076,2.8,0,electric,automatic,yes,tier2,11183.37
5,73125,2.5,1,diesel,automatic,no,tier2,20289.91
9,103933,1.6,1,petrol,manual,no,tier3,11354.39
10,98530,1.9,1,diesel,manual,yes,tier1,7780.03
9,115570,1.9,2,petrol,automatic,no,tier1,14988.96
12,153477,2.2,0,petrol,automatic,no,tier3,6207.03
15,188501,1.8,0,electric,automatic,no,tier1,7446.92
12,149254,1.7,1,petrol,automatic,no,tier1,8395.1
1,33798,1.8,3,petrol,automatic,yes,tier3,20250.29
14,162215,3.2,1,petrol,automatic,no,tier2,4318.78
1,26882,2.0,0,diesel,manual,no,tier2,28502.26
10,131957,3.2,2,diesel,manual,no,tier1,13670.02
0,500,1.8,1,electric,manual,no,tier3,30205.7
4,57757,1.4,0,hybrid,automatic,no,tier2,23060.45
5,70151,2.6,3,diesel,manual,yes,tier1,17134.86
11,123861,1.9,3,electric,automatic,no,tier3,8964.86
4,43554,0.9,0,petrol,manual,no,tier2,20327.77
0,500,0.9,0,petrol,manual,no,tier3,27314.94
13,169787,2.4,0,petrol,automatic,no,tier1,10207.03
13,170534,1.4,1,hybrid,manual,no,tier1,5471.07
2,31550,1.3,0,diesel,manual,no,tier1,25514.17
0,9133,2.5,1,diesel,manual,no,tier3,28640.02
5,78429,2.0,0,diesel,manual,no,tier1,20800.96
5,78939,1.2,2,petrol,automatic,no,tier1,20569.21
3,45578,1.3,0,diesel,automatic,no,tier1,26576.51
13,157511,2.3,2,petrol,manual,yes,tier2,1200.0
3,30168,2.6,0,hybrid,manual,no,tier1,30419.62
7,102056,0.9,0,petrol,manual,no,tier2,13004.27
6,62105,1.5,1,petrol,automatic,no,tier3,16604.21
9,117333,0.9,0,diesel,automatic,no,tier3,12447.9
7,95491,2.0,0,diesel,automatic,yes,tier1,13037.35
2,43905,1.6,1,petrol,automatic,no,tier2,23747.96
0,27390,1.5,2,petrol,automatic,no,tier1,28307.31
3,38082,1.9,0,diesel,manual,no,tier3,25295.53
1,5868,3.0,1,electric,manual,no,tier2,32303.51
11,147478,3.0,1,diesel,manual,yes,tier1,10720.82
2,30316,1.2,0,petrol,manual,no,tier1,29190.97
3,39266,1.9,0,petrol,manual,yes,tier1,22696.76
12,147766,0.9,4,diesel,automatic,no,tier2,3886.26
15,186865,1.8,0,diesel,automatic,no,tier2,2418.94
3,40304,1.8,0,petrol,automatic,no,tier3,21589.65
5,71368,2.0,0,petrol,automatic,yes,tier3,15702.38
1,10597,1.5,1,electric,manual,no,tier2,30666.43
11,128184,1.2,1,petrol,automatic,no,tier2,7779.87
11,138883,2.2,2,electric,manual,no,tier1,14839.42
5,64361,1.6,1,electric,manual,no,tier2,23601.81
2,49114,1.6,1,petrol,manual,no,tier2,24521.83
4,58488,1.3,0,hybrid,manual,no,tier2,22543.58
0,5343,1.8,1,petrol,manual,no,tier2,29988.89
13,149840,1.3,1,petrol,automatic,no,tier2,4371.18
7,92379,2.1,1,petrol,automatic,yes,tier2,13280.31
8,111744,1.4,0,petrol,manual,no,tier2,12576.87
12,155571,1.9,0,petrol,automatic,no,tier2,6651.55
14,183757,2.4,0,diesel,manual,no,tier2,4292.28
10,140386,3.5,0,electric,automatic,no,tier2,17994.95
5,66281,1.2,1,electric,manual,no,tier1,24649.04
13,176046,0.9,1,petrol,manual,no,tier3,1200.0
2,38360,1.1,0,diesel,automatic,yes,tier3,19047.26
8,102251,2.0,2,diesel,manual,no,tier3,12955.93
6,81045,1.5,2,petrol,manual,yes,tier1,10687.06
10,119748,1.7,0,diesel,automatic,no,tier3,9649.33
7,106509,0.9,1,diesel,automatic,no,tier3,10927.93
1,9599,1.9,0,diesel,automatic,no,tier1,26701.9
5,66911,2.0,2,petrol,automatic,no,tier2,20536.62
9,125615,2.0,0,petrol,automatic,no,tier3,12283.47
1,19243,1.3,2,diesel,manual,no,tier1,24813.79
8,100725,1.9,1,diesel,automatic,no,tier1,16600.32
9,117933,1.9,1,hybrid,manual,no,tier1,14171.94
12,143373,,2,hybrid,manual,yes,tier2,1200.0
14,177472,1.5,1,petrol,automatic,no,tier2,1577.95
14,171525,1.6,0,diesel,manual,no,tier3,1200.0
0,12948,1.0,1,petrol,manual,no,tier1,26098.45
9,112958,1.7,1,diesel,manual,no,tier1,11357.68
3,41192,2.0,1,diesel,manual,no,tier3,24588.3
15,184848,2.2,0,diesel,manual,yes,tier1,1200.0
7,90799,1.8,0,diesel,automatic,no,tier2,18057.54
14,174306,1.5,1,hybrid,manual,no,tier2,2313.54
0,5830,1.8,1,petrol,manual,no,tier3,28189.79
5,73891,1.3,1,petrol,automatic,no,tier2,19734.53
5,64330,0.9,0,diesel,automatic,yes,tier1,15734.04
5,72722,2.6,0,petrol,manual,yes,tier1,17684.85
2,41300,1.9,0,diesel,automatic,no,tier3,26812.64
3,25634,2.9,0,petrol,manual,no,tier3,25134.88
13,161109,1.1,2,diesel,automatic,no,tier2,5388.28
0,8659,1.7,2,hybrid,automatic,no,tier1,32890.44
9,116559,1.8,1,petrol,manual,no,tier1,10704.28
3,42687,2.2,3,petrol,manual,no,tier2,24277.67
2,22511,1.5,0,petrol,manual,yes,tier1,22706.2
8,93454,1.5,2,diesel,automatic,no,tier3,12115.33
7,85608,1.2,0,petrol,manual,no,tier3,13300.55
10,110742,2.6,0,diesel,manual,no,tier2,12458.52
7,88852,2.5,2,petrol,automatic,yes,tier2,13559.1
7,97367,1.8,1,petrol,manual,no,tier2,15807.94
8,96616,0.9,3,diesel,manual,no,tier1,14430.13
2,8284,0.9,1,petrol,manual,no,tier2,25385.79
15,192156,2.1,0,petrol,automatic,no,tier2,4706.6
4,56849,2.5,0,petrol,manual,no,tier1,24103.27
9,104750,1.7,1,petrol,manual,no,tier3,9804.39
1,27485,1.9,0,petrol,automatic,no,tier2,29101.22
0,500,1.5,2,diesel,manual,no,tier2,30135.66
1,29368,2.4,1,hybrid,manual,no,tier3,29879.81
11,138883,2.2,2,electric,manual,no,tier1,14839.42
6,66754,2.0,0,petrol,automatic,no,tier1,18904.6
4,67274,2.3,2,diesel,automatic,no,tier1,25057.31
9,125146,1.6,0,petrol,automatic,no,tier1,12751.91
8,104226,1.9,2,petrol,automatic,no,tier2,14407.95
1,1289,2.1,2,petrol,automatic,no,tier2,30584.03
13,168896,2.5,2,diesel,automatic,no,tier1,6887.17
14,178326,1.9,2,petrol,manual,no,tier1,2200.43
12,155694,1.1,0,electric,automatic,no,tier2,10454.73
1,500,2.1,0,petrol,manual,no,tier1,28647.1
6,69655,2.9,1,petrol,manual,yes,tier3,13212.97
11,129256,1.8,0,hybrid,manual,yes,tier2,5715.65
9,114741,2.1,0,petrol,automatic,no,tier1,13942.6
13,151157,1.9,1,petrol,manual,no,tier2,6356.13
10,129108,0.9,0,petrol,manual,no,tier1,8762.71
1,3431,1.2,1,diesel,manual,no,tier2,27108.74
3,42547,1.0,0,diesel,automatic,no,tier3,23717.57
5,51490,1.3,2,diesel,manual,no,tier2,19389.01
13,157921,1.3,0,hybrid,manual,no,tier3,4894.67
6,79593,2.0,1,petrol,manual,no,tier2,16566.06
11,142819,2.0,0,hybrid,automatic,no,tier2,11692.54
3,49423,1.9,1,diesel,automatic,no,tier2,24582.06
2,38725,2.3,4,petrol,automatic,no,tier2,25018.72
12,155731,1.3,2,petrol,manual,no,tier2,7340.86
3,43442,1.8,0,hybrid,manual,no,tier1,25849.18
9,125194,1.2,0,hybrid,manual,no,tier1,15799.21
8,108783,1.6,1,petrol,manual,no,tier1,12845.42
7,91640,2.1,0,petrol,automatic,no,tier3,17968.56
13,151157,1.9,1,petrol,manual,no,tier2,6356.13
5,59543,1.0,0,diesel,manual,no,tier1,21793.41
14,152207,2.0,0,petrol,automatic,no,tier2,5239.98
14,171252,1.1,3,petrol,automatic,no,tier1,1200.0
10,129213,2.4,3,petrol,automatic,no,tier1,12026.97
1,22057,1.6,0,petrol,automatic,no,tier3,25279.29
7,97945,1.9,0,diesel,manual,yes,tier2,11239.41
2,50345,,2,hybrid,automatic,no,tier2,30219.27
12,161536,3.1,1,hybrid,manual,no,tier3,8596.9
6,73316,1.6,0,hybrid,manual,no,tier1,19481.21
13,175370,2.8,1,diesel,manual,no,tier2,4796.55
0,500,2.5,1,diesel,automatic,no,tier1,32408.32
4,60203,2.2,1,diesel,automatic,no,tier3,21872.65
10,136879,1.6,0,petrol,automatic,no,tier2,11337.0
9,132048,1.8,1,electric,manual,no,tier2,14159.89
10,136438,1.2,0,diesel,manual,yes,tier2,5015.78
0,11336,0.9,4,hybrid,automatic,no,tier3,26306.42
13,162310,0.9,0,diesel,manual,no,tier2,3873.46
12,138016,1.5,1,diesel,manual,no,tier3,6032.68
1,23422,2.8,0,diesel,automatic,no,tier3,30434.18
2,43403,0.9,0,electric,automatic,no,tier1,28515.74
10,131905,1.1,0,petrol,automatic,no,tier1,10655.74
15,195203,2.5,0,hybrid,automatic,no,tier2,4109.38
11,138104,2.0,0,petrol,automatic,yes,tier1,6958.17
4,54386,2.5,0,electric,manual,no,tier1,28531.64
14,161788,2.6,1,petrol,manual,yes,tier3,1200.0
15,192221,2.4,0,diesel,automatic,no,tier2,2014.47
14,183663,0.9,0,petrol,manual,no,tier1,1200.0
7,99339,1.8,0,petrol,manual,no,tier2,13431.1
7,104896,2.1,1,petrol,automatic,no,tier1,16455.18
14,179439,1.3,0,petrol,manual,no,tier3,1200.0
1,32338,2.3,0,diesel,automatic,no,tier2,29717.57
1,24320,1.6,2,diesel,manual,no,tier2,26826.21
12,157346,1.5,1,electric,manual,no,tier2,10065.26
10,123861,3.0,0,petrol,manual,no,tier1,15197.43
5,80203,1.2,1,petrol,manual,no,tier1,17927.53
0,10288,1.9,1,electric,automatic,no,tier1,35417.09
8,95448,1.5,2,diesel,manual,no,tier1,12582.35
13,176865,2.1,0,petrol,automatic,no,tier3,3912.05
13,161199,1.9,1,electric,automatic,no,tier2,8804.05
5,63775,1.3,1,petrol,automatic,no,tier3,18505.47
8,106585,2.2,2,petrol,manual,no,tier1,14157.75
15,186728,,0,diesel,automatic,no,tier1,7613.28
3,46339,1.1,0,electric,manual,yes,tier3,20650.43
15,187986,2.0,2,electric,manual,no,tier2,2257.71
3,48879,1.1,1,petrol,automatic,no,tier1,25441.95
15,188074,2.2,0,petrol,automatic,no,tier3,3562.95
14,167522,1.6,1,petrol,automatic,no,tier1,4564.01
8,105309,2.0,1,electric,manual,no,tier2,17180.95
9,107129,1.4,2,petrol,automatic,no,tier2,10618.67
0,500,1.5,0,electric,automatic,no,tier1,34552.12
14,161723,0.9,0,diesel,manual,no,tier3,1200.0
6,88432,1.3,1,electric,automatic,no,tier3,21813.44
3,15663,1.5,1,hybrid,manual,no,tier1,26021.13
0,10496,2.6,0,petrol,automatic,no,tier1,30162.63
13,167436,1.3,2,petrol,manual,no,tier1,2794.31
3,42561,2.2,1,diesel,automatic,yes,tier1,21931.27
7,88178,1.9,0,diesel,automatic,no,tier3,18697.59
3,41416,2.5,3,petrol,manual,no,tier1,22760.44
14,176798,2.4,0,petrol,manual,no,tier2,4494.25
13,166066,2.5,0,petrol,manual,no,tier3,5324.43
11,129589,2.2,1,petrol,automatic,no,tier1,12500.27
8,109446,2.5,0,diesel,automatic,no,tier1,17282.89
15,194266,2.0,0,petrol,manual,no,tier3,1200.0
12,163936,2.5,0,diesel,automatic,no,tier3,5971.63
4,67820,3.2,1,petrol,automatic,yes,tier2,19167.92
0,7528,3.3,2,petrol,automatic,no,tier1,33922.44
10,123682,1.4,2,diesel,automatic,no,tier2,8984.1
5,74402,1.0,2,diesel,automatic,no,tier1,16978.16
2,38014,1.3,1,petrol,manual,no,tier1,26148.47
11,128122,1.6,1,petrol,manual,yes,tier2,2882.07
4,51657,1.8,2,diesel,automatic,yes,tier3,14877.28
3,67701,1.9,2,petrol,automatic,yes,tier1,18163.85
3,57166,0.9,0,electric,automatic,yes,tier3,21317.73
14,171512,3.0,0,petrol,automatic,no,tier3,3690.76
2,24603,2.7,0,petrol,automatic,no,tier2,32234.06
5,66576,1.7,1,petrol,automatic,no,tier1,20527.81
1,28716,0.9,1,petrol,automatic,no,tier1,26187.16
7,93289,2.0,0,petrol,automatic,no,tier3,18616.96
8,96920,1.5,1,petrol,automatic,no,tier1,15535.73
12,148880,1.7,2,hybrid,automatic,no,tier1,10182.82
15,185070,1.6,2,diesel,automatic,no,tier2,1200.0
4,57521,2.7,3,hybrid,automatic,no,tier1,25651.37
0,9114,2.2,1,petrol,manual,no,tier2,29987.54
15,215302,2.0,1,hybrid,manual,yes,tier1,1200.0
15,187878,2.3,3,petrol,automatic,no,tier1,2401.39
0,4852,3.0,1,petrol,automatic,yes,tier1,29631.95
7,96374,2.0,2,diesel,manual,no,tier2,13545.43
8,108071,1.8,1,hybrid,manual,yes,tier1,10059.11
1,28485,1.5,2,hybrid,manual,no,tier2,25951.89
6,55131,2.1,0,petrol,automatic,no,tier3,19089.03
0,8733,1.9,0,petrol,automatic,no,tier2,31171.03
14,165504,1.8,0,diesel,manual,no,tier1,7524.23
0,16730,2.0,1,diesel,automatic,no,tier2,31215.66
2,35153,0.9,0,diesel,manual,no,tier1,23613.5
3,34748,1.9,1,hybrid,manual,yes,tier1,21100.92
2,17400,2.2,1,petrol,automatic,no,tier1,26036.22
15,181930,2.4,1,petrol,manual,no,tier3,1200.0
14,162637,2.3,1,electric,automatic,yes,tier1,4438.06
5,59470,2.0,1,petrol,manual,no,tier1,22621.99
13,164490,1.8,0,petrol,automatic,no,tier2,4236.64
10,111653,2.3,3,petrol,automatic,no,tier3,10372.34
7,87167,1.9,1,diesel,automatic,yes,tier3,11005.21
14,156964,1.2,1,hybrid,manual,no,tier3,3331.52
11,146713,2.0,0,petrol,manual,yes,tier2,2368.29
15,180690,1.8,1,petrol,automatic,no,tier2,1200.0
11,139808,2.2,0,electric,manual,yes,tier3,9534.55
7,88258,1.6,1,petrol,manual,no,tier1,15840.39
1,27064,1.9,1,petrol,automatic,no,tier2,29970.45
7,90452,1.5,0,hybrid,manual,yes,tier3,13604.49
7,76178,0.9,1,diesel,manual,yes,tier2,10193.51
7,89821,1.4,1,petrol,manual,no,tier1,15435.63
13,159274,2.3,0,petrol,automatic,yes,tier1,1200.0
13,163788,2.0,1,petrol,automatic,no,tier1,6794.6
4,64758,0.9,1,diesel,manual,no,tier2,17781.21
13,167405,1.1,1,diesel,automatic,yes,tier3,1200.0
2,18823,2.3,3,diesel,automatic,no,tier2,28806.66
6,82681,1.9,0,petrol,automatic,no,tier1,19932.11
5,62557,2.8,1,petrol,manual,no,tier1,19935.45
2,13167,1.6,1,electric,automatic,no,tier3,27490.6
2,49060,0.9,1,electric,manual,no,tier3,25830.98
8,98453,2.2,1,petrol,automatic,yes,tier3,10569.17
15,185454,0.9,1,petrol,automatic,yes,tier2,1200.0
12,147016,1.0,1,petrol,automatic,no,tier2,6928.34
14,185706,1.8,0,diesel,automatic,no,tier1,6247.9
8,93243,1.6,1,diesel,manual,no,tier3,11910.47
6,71144,1.4,2,diesel,automatic,no,tier1,18719.32
14,173195,1.5,0,diesel,manual,no,tier1,5702.3
7,86236,0.9,1,petrol,automatic,yes,tier3,6888.6
7,104630,1.9,1,hybrid,manual,yes,tier3,11401.14
8,95610,2.1,1,petrol,manual,no,tier1,17346.29
11,135896,1.5,1,petrol,manual,no,tier2,9835.81
4,65251,1.6,0,diesel,automatic,no,tier1,25869.02
5,60560,0.9,1,petrol,automatic,yes,tier2,13242.7
10,136861,1.8,0,petrol,manual,yes,tier3,2352.63
8,107903,1.7,1,electric,manual,no,tier3,17731.48
0,6668,1.5,1,petrol,manual,no,tier1,29768.25
9,122253,3.0,2,petrol,automatic,no,tier2,14987.57
2,29047,2.0,0,petrol,automatic,no,tier1,26853.22
11,138785,1.7,2,petrol,manual,no,tier1,9266.9
15,189640,,1,diesel,automatic,yes,tier1,1200.0
14,165638,1.7,2,diesel,manual,no,tier2,4258.9
9,119165,2.1,2,petrol,manual,yes,tier1,8257.49
1,18424,1.7,0,diesel,automatic,no,tier2,29155.46
5,75620,0.9,1,petrol,automatic,yes,tier2,10764.29
7,90727,1.5,0,diesel,automatic,no,tier2,17670.08
4,48335,2.3,0,diesel,manual,no,tier2,22106.52
0,500,1.4,0,petrol,automatic,no,tier3,26738.43
10,142026,1.3,0,diesel,automatic,no,tier3,10633.22
7,102264,1.6,0,diesel,automatic,no,tier1,19532.99
3,54472,1.4,3,petrol,manual,no,tier3,18283.72
9,126251,1.9,1,petrol,manual,yes,tier3,6444.36
6,65490,1.9,1,hybrid,manual,yes,tier2,14426.72
12,157125,2.7,2,electric,automatic,yes,tier2,5447.55
8,92365,2.7,0,diesel,manual,no,tier1,17905.55
2,35848,2.5,0,electric,automatic,no,tier1,31548.04
0,13445,1.8,0,hybrid,manual,no,tier2,31699.17
6,81583,2.1,2,hybrid,manual,no,tier2,17771.29
7,81848,1.2,2,petrol,automatic,no,tier3,15919.59
15,201977,2.2,1,petrol,automatic,no,tier2,1200.0
0,923,1.8,0,hybrid,manual,yes,tier1,27497.22
3,54489,1.5,2,petrol,manual,no,tier3,18922.26
9,128052,2.8,3,diesel,manual,no,tier3,11406.19
0,20909,2.3,1,petrol,manual,no,tier1,31074.97
11,136670,2.1,3,petrol,manual,no,tier1,10380.54
7,87654,1.7,1,petrol,manual,no,tier2,14276.65
7,76457,1.5,0,diesel,manual,yes,tier2,14629.59
7,83066,2.6,1,hybrid,automatic,no,tier1,20744.87
8,105990,2.3,2,petrol,manual,no,tier1,14603.14
7,86388,1.9,1,diesel,automatic,no,tier2,17678.41
2,41962,1.0,2,diesel,automatic,no,tier3,22516.78
7,88184,2.5,3,diesel,manual,no,tier1,18301.33
5,60479,1.2,2,petrol,automatic,no,tier1,20683.2
4,61933,2.5,2,electric,manual,no,tier3,25520.2
13,171061,1.8,1,electric,automatic,yes,tier2,3944.88
4,50240,1.3,1,petrol,automatic,no,tier1,25873.73
13,164542,2.2,2,petrol,automatic,no,tier1,7207.73
0,10784,1.8,0,diesel,automatic,no,tier1,31870.33
1,11136,1.0,1,petrol,manual,no,tier1,24671.89
4,55164,1.8,1,diesel,manual,no,tier1,24011.6
5,76676,1.3,2,petrol,manual,no,tier2,17587.96
6,74676,1.7,1,diesel,manual,no,tier1,20731.68
12,153773,1.7,0,diesel,manual,no,tier3,6311.17
3,50346,1.6,1,diesel,manual,no,tier3,21063.17
6,79565,0.9,0,diesel,automatic,no,tier3,16949.71
8,89200,2.5,3,hybrid,manual,no,tier1,17845.8
9,120743,1.5,0,petrol,automatic,no,tier1,14764.46
3,56680,2.7,0,petrol,manual,no,tier1,25716.5
9,116534,2.4,2,petrol,manual,yes,tier1,9054.99
5,75817,1.7,4,petrol,automatic,no,tier2,18096.58
2,47211,1.9,0,hybrid,manual,no,tier3,26800.99
10,111078,1.2,1,petrol,automatic,no,tier3,10123.22
8,111061,2.1,1,petrol,manual,yes,tier2,5932.3
5,76361,2.6,1,petrol,automatic,no,tier3,20216.87
1,45643,2.0,0,diesel,automatic,no,tier2,29023.45
0,500,1.8,3,hybrid,automatic,no,tier1,31117.68
2,40866,1.5,0,diesel,manual,yes,tier1,23573.88
14,174541,1.5,2,petrol,automatic,no,tier1,3846.62
15,189580,1.4,1,petrol,automatic,no,tier2,1200.0
1,25025,2.8,1,petrol,manual,no,tier2,27698.05
7,93533,1.4,1,petrol,automatic,yes,tier1,12156.32
8,103936,1.0,2,hybrid,automatic,no,tier3,14430.38
1,25634,1.4,0,petrol,manual,no,tier1,29142.33
3,56396,2.3,0,petrol,manual,no,tier1,26201.0
12,154693,0.9,1,hybrid,manual,no,tier1,6899.41
0,13139,1.9,1,hybrid,automatic,no,tier3,27878.4
6,78502,2.4,1,diesel,automatic,no,tier3,19050.62
2,11682,0.9,1,diesel,automatic,no,tier2,23198.46
7,84164,2.2,0,diesel,automatic,yes,tier3,10557.45
9,103103,2.1,1,hybrid,manual,yes,tier1,9509.02
1,27268,2.0,3,petrol,manual,no,tier2,25031.25
1,38250,1.4,1,petrol,manual,yes,tier2,18880.6
5,58044,2.5,0,petrol,manual,no,tier1,23621.04
11,135478,1.8,1,petrol,manual,no,tier1,7935.6
1,24130,1.6,0,petrol,manual,yes,tier2,22706.51
4,42162,1.3,0,diesel,automatic,yes,tier2,17541.81
8,124444,1.3,1,diesel,automatic,no,tier1,13370.91
3,46199,1.9,0,diesel,manual,yes,tier2,16353.21
10,123889,2.0,1,petrol,automatic,no,tier1,10899.71
5,49082,1.7,0,hybrid,automatic,no,tier1,26031.87
2,41872,1.8,1,electric,automatic,no,tier2,26704.64
10,115292,0.9,1,diesel,manual,no,tier2,10492.17
3,49091,2.3,0,hybrid,manual,yes,tier1,23464.62
15,187600,2.2,0,diesel,automatic,no,tier3,1418.76
5,72713,2.0,0,diesel,manual,no,tier2,19728.3
5,70169,2.2,0,hybrid,automatic,no,tier1,24343.07
11,148630,0.9,2,petrol,automatic,no,tier1,7482.02
9,118074,1.7,3,diesel,manual,no,tier3,11791.81
13,163138,2.0,0,petrol,manual,no,tier1,6270.18
15,186514,1.2,2,petrol,manual,yes,tier1,1200.0
14,180529,1.7,0,diesel,automatic,yes,tier1,1200.0
2,41272,2.5,2,diesel,automatic,no,tier2,28419.67
2,17329,2.5,0,electric,automatic,no,tier1,33777.49
13,154698,1.2,2,diesel,automatic,no,tier3,1200.0
8,108446,2.8,1,diesel,automatic,no,tier3,15950.35
1,500,1.8,1,electric,manual,yes,tier3,25595.62
0,3638,2.3,0,petrol,manual,no,tier3,29635.7
15,198513,2.1,2,diesel,manual,yes,tier3,1200.0
8,117798,2.3,2,petrol,manual,no,tier3,14644.79
14,172515,2.7,1,petrol,automatic,no,tier1,5975.31
6,101541,1.0,0,petrol,manual,no,tier2,16853.76
14,170487,1.3,0,petrol,automatic,no,tier3,1654.17
10,143416,1.5,0,diesel,manual,no,tier3,8365.65
3,48855,1.4,2,petrol,manual,no,tier1,23484.0
11,141856,2.3,1,petrol,automatic,no,tier2,11003.51
5,85229,2.1,0,diesel,automatic,no,tier1,22495.97
15,182850,1.8,2,diesel,manual,no,tier2,2473.85
10,129142,2.3,1,diesel,manual,no,tier2,11317.99
8,100674,2.0,0,petrol,automatic,no,tier1,18821.92
2,27988,2.0,0,diesel,manual,no,tier2,27273.59
15,186208,2.5,0,petrol,manual,no,tier1,2080.22
12,151489,1.9,2,petrol,manual,no,tier1,6597.37
7,97078,2.6,0,diesel,manual,no,tier2,16067.27
0,4493,1.8,0,hybrid,manual,no,tier3,29570.67
12,159013,2.5,1,electric,manual,no,tier2,9567.7
1,31006,2.5,2,petrol,automatic,no,tier3,27026.21
5,60820,1.2,1,petrol,automatic,no,tier2,20261.72
3,21623,2.7,0,diesel,automatic,no,tier2,25435.31
3,38211,2.2,2,diesel,automatic,no,tier1,24404.03
9,109884,2.8,0,petrol,manual,no,tier2,15234.88
10,140021,2.9,2,electric,automatic,no,tier1,18515.45
7,82027,2.6,2,diesel,automatic,no,tier1,19392.19
11,155217,1.3,1,electric,automatic,yes,tier2,4708.33
4,50452,2.1,1,petrol,automatic,yes,tier2,16474.02
13,173068,2.6,2,petrol,automatic,no,tier1,5660.38
7,85783,1.3,1,petrol,automatic,no,tier3,14244.32
5,70254,1.9,3,electric,manual,yes,tier3,17200.74
14,184121,2.8,1,diesel,automatic,yes,tier2,1200.0
0,5361,1.4,0,diesel,manual,no,tier3,24906.04
5,67129,1.0,0,electric,automatic,no,tier3,23175.39
3,40816,2.2,2,petrol,automatic,no,tier3,19707.5
3,38450,2.5,1,electric,manual,no,tier2,27364.83
1,13725,1.1,0,petrol,automatic,no,tier2,29607.74
4,58378,2.5,1,electric,manual,no,tier1,26891.55
9,120494,1.4,1,electric,automatic,no,tier2,18021.14
8,104190,1.8,1,hybrid,automatic,no,tier3,17625.75
9,125125,2.3,1,diesel,manual,no,tier1,14821.62
5,89194,2.6,1,hybrid,manual,no,tier3,21067.87
13,164102,0.9,3,diesel,automatic,yes,tier1,1200.0
3,26977,1.8,0,petrol,manual,no,tier2,23166.18
12,149728,2.6,0,petrol,manual,no,tier2,9204.73
6,94814,2.1,1,petrol,manual,no,tier1,17946.04
5,66110,1.9,2,petrol,automatic,no,tier1,21044.16
15,183620,2.1,0,petrol,manual,no,tier2,1200.0
12,158598,1.5,0,diesel,automatic,no,tier1,8961.54
15,181852,1.4,0,diesel,automatic,no,tier2,1595.98
11,142850,2.4,2,petrol,manual,no,tier1,9050.25
5,59543,1.0,0,diesel,manual,no,tier1,21793.41
15,170966,1.9,1,hybrid,automatic,no,tier2,5154.91
11,137900,2.3,1,petrol,manual,no,tier1,8750.07
1,28653,1.7,0,petrol,manual,no,tier1,28458.52
15,175574,2.2,1,petrol,manual,no,tier3,1442.32
7,84327,2.3,1,petrol,automatic,no,tier2,19437.12
11,135001,1.3,1,petrol,manual,yes,tier3,2724.46
0,2531,1.7,0,diesel,manual,no,tier2,30225.63
12,152227,1.8,1,petrol,manual,no,tier2,5380.12
7,73756,2.0,1,petrol,automatic,yes,tier1,14526.71
2,36893,1.6,0,hybrid,automatic,no,tier3,26037.82
9,118076,1.9,2,diesel,manual,no,tier3,10548.16
10,119230,1.7,0,electric,manual,no,tier1,15644.61
1,12641,1.7,0,hybrid,automatic,no,tier1,30302.76
11,145128,0.9,0,diesel,manual,no,tier2,6822.96
8,112852,0.9,0,petrol,manual,no,tier1,12910.35
4,60909,2.6,2,diesel,automatic,no,tier2,24292.07
3,38797,1.5,1,petrol,automatic,no,tier1,23293.27
2,34046,1.8,1,diesel,automatic,no,tier1,27425.14
9,107592,1.4,1,hybrid,manual,no,tier2,11205.02
12,147815,2.6,1,diesel,manual,no,tier1,9020.53
14,196801,1.4,0,diesel,manual,no,tier1,4015.25
12,149907,2.9,0,diesel,automatic,yes,tier1,7476.53
2,37573,2.2,1,petrol,manual,yes,tier1,22390.62
5,61620,0.9,0,electric,automatic,no,tier1,22403.48
7,95167,1.8,1,petrol,automatic,no,tier2,18128.23
13,164325,2.6,3,hybrid,manual,no,tier1,7161.73
6,68815,1.7,1,hybrid,automatic,no,tier3,20786.27
3,45754,2.1,2,diesel,automatic,no,tier1,25960.75
14,176515,2.5,2,electric,automatic,no,tier1,7351.36
14,175279,,1,hybrid,manual,no,tier1,3047.93
8,104858,3.0,1,petrol,manual,no,tier3,12889.58
12,154940,2.4,0,diesel,automatic,yes,tier2,2284.74
11,146792,3.4,4,petrol,automatic,no,tier3,11326.21
14,174703,1.7,3,electric,manual,no,tier2,3531.09
2,33713,1.5,0,diesel,manual,no,tier1,28033.36
11,142110,0.9,1,petrol,manual,yes,tier3,1200.0
13,163477,1.2,0,diesel,manual,no,tier1,4116.54
7,103138,2.3,1,hybrid,automatic,no,tier1,20182.32
12,143634,2.6,2,petrol,manual,no,tier1,10171.69
14,179861,1.6,0,petrol,manual,no,tier3,1200.0
7,85485,1.7,2,hybrid,automatic,yes,tier1,16431.58
5,64303,2.6,0,diesel,automatic,no,tier1,22781.46
1,29680,2.3,0,petrol,manual,yes,tier2,21763.75
10,131269,2.0,1,petrol,automatic,no,tier3,11620.01
15,189811,2.1,1,hybrid,manual,no,tier1,3845.52
12,147184,2.2,0,petrol,manual,yes,tier1,2779.46
7,99755,1.7,1,petrol,manual,no,tier1,16956.12
3,49395,0.9,1,petrol,automatic,yes,tier3,16371.74
11,128700,1.6,3,diesel,manual,yes,tier1,4612.6
6,89521,1.4,1,petrol,manual,no,tier2,18610.97
6,76271,2.5,1,petrol,manual,no,tier1,19533.71
11,139745,0.9,1,diesel,manual,no,tier2,5794.85
4,47775,0.9,1,diesel,manual,yes,tier1,18083.61
9,124360,3.2,0,diesel,manual,no,tier3,14870.65
2,46126,2.6,2,diesel,manual,no,tier3,23315.45
7,95077,2.1,1,diesel,automatic,no,tier2,15758.85
1,15978,1.9,0,electric,automatic,yes,tier2,28164.86
3,39687,1.2,0,petrol,automatic,no,tier1,25396.46
7,90652,1.8,1,petrol,automatic,no,tier2,19374.73
3,41776,1.6,1,diesel,automatic,no,tier2,24112.0
1,4358,2.0,0,diesel,manual,yes,tier3,24351.97
5,87232,2.7,1,diesel,manual,no,tier2,20706.55
3,47277,1.9,1,hybrid,manual,no,tier1,27695.12
2,53722,2.0,1,petrol,manual,no,tier2,20548.53
15,186747,2.0,0,hybrid,manual,no,tier2,4081.52
8,96438,1.7,1,petrol,manual,no,tier2,15337.58
13,170330,1.9,0,diesel,automatic,no,tier1,6451.45
1,26815,1.4,0,hybrid,manual,no,tier1,27869.59
1,25661,2.1,1,hybrid,manual,yes,tier3,22293.38
2,32930,1.1,0,petrol,manual,no,tier3,25386.28
10,123537,2.3,0,diesel,automatic,yes,tier1,11270.85
8,93252,2.0,1,diesel,manual,no,tier3,12483.19
5,49541,1.0,2,hybrid,automatic,yes,tier1,13094.02
9,102149,1.1,0,hybrid,manual,no,tier1,16357.13
3,34573,2.3,0,diesel,manual,no,tier2,24790.26
4,50452,2.1,1,petrol,automatic,yes,tier2,16474.02
2,57573,1.7,1,petrol,automatic,no,tier1,24475.88
7,88848,3.3,1,diesel,automatic,yes,tier1,15406.33
10,128056,1.3,2,petrol,manual,no,tier2,8010.79
3,53345,2.4,0,petrol,manual,yes,tier1,21842.05
10,121157,2.3,3,petrol,automatic,no,tier1,11628.35
0,17426,1.6,1,petrol,manual,no,tier3,27376.32
0,500,1.7,3,hybrid,automatic,yes,tier2,24299.06
5,79232,2.0,1,petrol,manual,no,tier3,18109.87
11,134045,1.7,0,diesel,automatic,no,tier1,13428.07
5,69905,0.9,0,diesel,manual,no,tier2,21037.29
11,128077,2.0,0,hybrid,manual,no,tier2,11040.42
12,139612,0.9,0,petrol,manual,no,tier3,2970.32
7,92682,1.0,0,petrol,automatic,no,tier3,16430.74
9,121438,1.8,0,diesel,automatic,no,tier1,11508.71
9,127087,2.3,1,petrol,automatic,yes,tier1,9665.39
0,500,0.9,1,diesel,manual,no,tier1,29126.86
13,165230,2.2,3,petrol,automatic,no,tier1,6481.43
7,81476,2.3,0,diesel,automatic,no,tier3,18360.06
5,64211,1.6,3,petrol,manual,no,tier1,19260.15
1,32458,1.8,0,hybrid,automatic,yes,tier3,25825.7
4,56512,1.7,3,hybrid,manual,no,tier2,19713.06
10,143747,1.7,0,diesel,automatic,no,tier3,9981.46
0,1935,2.0,1,hybrid,manual,no,tier2,30972.02
3,49071,1.8,1,petrol,automatic,yes,tier2,19650.27
11,129150,2.7,1,petrol,automatic,no,tier2,10767.02
2,43386,2.6,2,hybrid,automatic,no,tier1,29352.12
4,35390,1.4,0,hybrid,automatic,no,tier1,25009.09
13,158992,1.7,1,petrol,manual,no,tier1,6270.17
5,59668,,0,petrol,manual,no,tier2,18907.23
5,71446,0.9,1,petrol,manual,no,tier2,16299.75
15,183710,2.1,1,hybrid,automatic,yes,tier1,1200.0
3,47795,2.4,0,petrol,automatic,no,tier2,27400.79
9,119071,1.9,1,diesel,automatic,no,tier1,13875.11
0,4148,2.3,0,petrol,automatic,no,tier3,30018.42
4,57465,2.4,1,petrol,manual,no,tier2,20573.31
8,119867,2.0,0,hybrid,manual,no,tier2,13648.83
7,86579,1.4,2,diesel,manual,no,tier1,15663.96
0,9801,2.2,0,petrol,manual,yes,tier2,23815.75
2,34076,1.9,2,petrol,manual,yes,tier3,20202.84
1,18990,2.8,0,petrol,automatic,no,tier2,28599.71
9,108652,1.8,0,petrol,automatic,no,tier1,14678.53
2,47350,1.1,1,petrol,automatic,no,tier3,22775.34
10,145443,1.5,2,petrol,manual,no,tier2,8099.96
9,113615,2.7,0,petrol,automatic,no,tier3,14256.8
11,137671,1.7,0,petrol,manual,yes,tier1,6052.6
1,28215,1.5,0,petrol,manual,no,tier3,25154.57
2,41678,1.2,2,petrol,manual,no,tier1,24398.48
8,118118,1.5,0,petrol,automatic,no,tier2,13730.79
6,70367,1.7,0,electric,manual,no,tier3,20371.97
15,189949,1.1,0,diesel,manual,yes,tier2,1200.0
0,12071,3.0,0,petrol,manual,no,tier1,29217.91
12,150943,2.0,2,diesel,manual,no,tier1,9767.92
11,136942,1.3,0,petrol,manual,no,tier1,9199.25
3,49388,,0,petrol,manual,yes,tier1,19796.78
2,21378,2.1,4,hybrid,manual,no,tier2,25165.43
6,84539,2.7,1,hybrid,manual,no,tier2,20476.34
15,179952,1.9,2,diesel,manual,no,tier1,1200.0
11,142733,2.1,1,hybrid,automatic,no,tier2,12191.0
6,70075,1.9,0,electric,manual,no,tier3,21581.88
11,156730,2.9,1,hybrid,automatic,no,tier1,11437.56
7,97646,1.3,1,diesel,manual,yes,tier2,8975.23
12,145324,2.1,0,hybrid,automatic,no,tier2,7364.1
6,65523,1.1,1,petrol,manual,no,tier3,18941.55
10,134720,2.1,0,hybrid,automatic,yes,tier3,4458.73
2,22999,2.0,0,hybrid,manual,no,tier2,26954.41
6,83763,1.6,0,petrol,automatic,no,tier2,17930.77
11,138859,1.5,1,petrol,automatic,no,tier3,8631.98
13,161081,1.4,1,diesel,automatic,yes,tier2,1200.0
6,83473,3.7,0,diesel,automatic,yes,tier1,20620.72
15,195685,1.2,1,diesel,automatic,no,tier3,1200.0
15,193091,2.0,0,diesel,automatic,no,tier3,1200.0
10,109899,2.5,2,petrol,automatic,no,tier2,11219.95
0,500,1.4,1,petrol,automatic,no,tier1,31165.1
12,150451,2.0,0,petrol,automatic,no,tier3,7939.42
1,18252,2.4,1,petrol,automatic,yes,tier2,24887.09
2,31093,1.4,0,petrol,manual,yes,tier3,20710.4
6,74806,1.8,1,diesel,manual,no,tier1,20664.86
2,20716,2.5,2,diesel,automatic,yes,tier1,24141.41
13,160179,1.6,1,hybrid,manual,yes,tier3,1200.0
2,35174,0.9,1,diesel,automatic,no,tier2,24060.71
12,147774,1.0,1,diesel,automatic,no,tier1,5536.39
12,150572,1.3,1,petrol,manual,no,tier1,6450.64
7,110435,2.2,2,diesel,manual,no,tier3,15440.23
12,144355,1.6,0,diesel,manual,no,tier2,6279.62
14,178959,1.8,0,petrol,manual,yes,tier1,1200.0
6,69679,2.0,0,diesel,manual,no,tier1,20978.41
5,66907,1.0,0,petrol,manual,no,tier1,20594.54
8,78631,1.8,1,diesel,automatic,no,tier2,16967.95
2,35972,1.3,2,petrol,manual,yes,tier2,21420.56
11,137126,2.3,1,diesel,manual,no,tier3,8183.05
13,170300,2.1,0,hybrid,manual,no,tier3,4069.64
15,194054,2.5,0,diesel,manual,no,tier3,2064.47
11,129495,2.7,1,diesel,automatic,no,tier1,15380.61
6,71974,2.0,0,diesel,manual,no,tier3,17197.12
4,58354,2.0,1,electric,manual,yes,tier2,16973.68
10,138479,1.3,0,petrol,manual,no,tier1,8486.18
13,178214,2.7,1,petrol,manual,no,tier3,4560.93
10,129585,1.1,0,diesel,automatic,no,tier2,9635.91
3,63549,2.2,0,hybrid,manual,no,tier2,25610.11
14,174423,0.9,0,petrol,automatic,no,tier1,3158.9
12,163707,2.7,0,petrol,manual,no,tier2,9931.62
15,187166,2.2,1,diesel,automatic,no,tier1,1200.0
4,56478,1.6,3,petrol,automatic,no,tier1,20889.47
3,55425,1.9,1,petrol,manual,no,tier2,20841.62
6,83258,2.3,2,petrol,automatic,no,tier3,18546.93
8,93348,2.2,2,diesel,manual,no,tier3,13633.15
12,164129,1.0,1,diesel,automatic,no,tier1,4972.24
11,141037,2.0,1,petrol,automatic,no,tier1,10887.35
6,83420,2.5,0,diesel,manual,no,tier1,19639.03
15,185354,1.6,0,petrol,automatic,no,tier1,2568.72
4,60302,2.0,0,petrol,manual,yes,tier2,18567.78
2,21048,0.9,0,diesel,automatic,no,tier3,26751.13
11,159771,0.9,2,hybrid,manual,no,tier1,8537.59
1,25054,1.1,0,petrol,manual,no,tier1,27255.78
11,127558,0.9,0,petrol,automatic,no,tier3,6498.92
7,75196,2.7,1,electric,manual,no,tier2,20607.78
14,169107,1.3,0,diesel,automatic,no,tier1,2536.78
14,182689,0.9,2,petrol,automatic,no,tier3,1200.0
13,161900,2.2,0,hybrid,manual,no,tier3,6769.02
4,41910,3.3,1,petrol,automatic,no,tier2,27141.6
0,2750,1.8,3,petrol,manual,yes,tier1,24405.2
15,182747,1.7,0,diesel,manual,no,tier1,1804.91
14,173828,2.3,1,diesel,manual,no,tier3,4498.62
3,50084,2.0,1,petrol,automatic,no,tier2,24815.9
9,102385,2.1,0,hybrid,manual,no,tier2,15428.79
14,181752,2.1,0,petrol,automatic,no,tier1,5613.22
11,132534,1.2,0,diesel,manual,no,tier2,4896.07
5,60609,1.4,0,petrol,automatic,no,tier1,24262.47
13,145217,2.6,0,diesel,automatic,no,tier1,9128.01
5,55802,1.4,2,petrol,automatic,yes,tier1,15137.25
5,61450,1.7,0,diesel,automatic,no,tier3,20523.25
2,27883,1.3,3,hybrid,automatic,no,tier1,29254.94
2,45124,1.6,1,hybrid,manual,no,tier2,25888.43
6,67494,1.9,0,diesel,manual,no,tier1,19672.7
6,86486,1.7,0,petrol,automatic,no,tier2,17408.71
8,94663,2.2,1,diesel,automatic,no,tier3,15299.71
11,152825,2.0,1,petrol,manual,no,tier2,6747.28
8,116819,2.4,0,hybrid,automatic,no,tier3,15893.99
11,138859,2.8,0,petrol,manual,no,tier3,8529.98
0,10002,2.0,0,petrol,automatic,no,tier1,30834.43
5,77922,1.4,2,petrol,automatic,no,tier3,16759.18
14,169664,1.1,0,petrol,automatic,no,tier1,3402.53
15,175975,2.7,0,diesel,automatic,no,tier2,5572.43
12,159175,1.7,0,diesel,manual,no,tier2,6304.81
6,74085,2.3,1,petrol,automatic,no,tier3,18290.08
11,120869,1.7,4,diesel,automatic,no,tier2,8353.32
1,15978,0.9,1,petrol,automatic,no,tier3,23516.64
0,12573,1.4,2,petrol,automatic,no,tier1,30345.62
6,82873,1.9,0,diesel,manual,yes,tier1,13905.99
1,12301,1.4,1,hybrid,manual,no,tier1,31029.49
0,10776,1.6,0,diesel,manual,no,tier3,26990.3
14,194694,2.0,4,petrol,automatic,yes,tier2,1200.0
12,150602,2.3,1,diesel,automatic,yes,tier1,4103.93
11,142471,2.8,0,petrol,automatic,no,tier1,12846.98
12,148546,1.9,3,petrol,automatic,yes,tier3,1200.0
9,103103,2.1,1,hybrid,manual,yes,tier1,9509.02
5,74105,1.5,1,petrol,automatic,no,tier2,19696.03
0,3199,1.9,1,diesel,manual,no,tier1,29340.82
0,500,1.0,2,petrol,manual,no,tier2,25326.2
9,118098,2.3,0,petrol,manual,yes,tier2,6640.99
5,59902,1.9,1,petrol,automatic,no,tier3,19808.07
7,82593,1.8,1,hybrid,automatic,no,tier3,18362.0
12,146771,,1,petrol,automatic,yes,tier3,1200.0
7,105405,1.4,1,petrol,manual,no,tier1,15762.18
14,175975,0.9,0,hybrid,automatic,yes,tier2,1200.0
14,180657,1.7,0,petrol,manual,no,tier2,1200.0
3,37593,1.6,0,diesel,automatic,no,tier3,24187.51
13,159892,0.9,1,petrol,automatic,no,tier2,5067.47
0,21122,0.9,0,petrol,automatic,no,tier2,26302.66
4,61624,2.1,3,electric,manual,no,tier3,24294.68
12,151314,1.7,0,electric,manual,no,tier1,11908.48
3,58397,2.5,2,petrol,manual,no,tier2,24681.18
12,152612,1.2,2,hybrid,manual,yes,tier3,1200.0
15,184450,1.7,1,diesel,manual,no,tier1,4146.93
15,200475,0.9,2,diesel,manual,yes,tier1,1200.0
14,150108,3.3,0,petrol,automatic,yes,tier2,3378.47
5,61916,2.0,3,petrol,manual,yes,tier1,17310.26
4,52789,1.9,1,diesel,manual,no,tier1,24302.17
10,117756,2.8,0,diesel,manual,no,tier1,13528.97
11,137401,1.0,1,hybrid,manual,no,tier2,7153.96
14,184856,1.2,0,petrol,automatic,yes,tier1,1200.0
14,163027,2.4,1,hybrid,manual,no,tier1,9233.68
8,104160,3.3,0,hybrid,automatic,no,tier2,20621.58
13,153074,1.6,1,petrol,automatic,no,tier1,7718.9
14,182124,1.4,3,hybrid,automatic,no,tier2,1200.0
11,138603,1.4,1,hybrid,manual,no,tier3,7514.15
10,112838,1.6,2,diesel,manual,no,tier2,9419.29
13,172210,2.6,1,petrol,manual,no,tier1,7745.54
6,72852,1.8,0,petrol,automatic,no,tier2,20686.16
14,163933,1.3,0,petrol,manual,no,tier2,2537.72
0,500,0.9,4,hybrid,automatic,yes,tier1,23137.23
10,119351,2.9,0,diesel,manual,no,tier2,14004.16
3,37129,0.9,0,hybrid,automatic,no,tier2,24620.81
0,30418,1.7,0,petrol,manual,no,tier1,29118.35
6,78910,,0,petrol,manual,no,tier3,16989.76
4,51352,1.7,0,diesel,manual,no,tier1,23431.77
11,145337,1.5,1,petrol,automatic,no,tier1,9954.5
10,134071,1.7,0,petrol,manual,no,tier3,10449.89
0,15842,0.9,0,petrol,manual,no,tier1,27853.22
10,143270,,0,electric,automatic,no,tier1,15106.42
12,162332,1.8,0,hybrid,manual,no,tier1,8380.09
13,170306,1.8,0,hybrid,manual,no,tier1,6533.51
6,76752,1.9,0,diesel,automatic,no,tier3,20456.12
15,186396,2.5,0,petrol,automatic,no,tier1,5589.13
11,135079,2.0,1,petrol,manual,no,tier3,5988.41
14,182703,2.5,1,petrol,manual,no,tier1,2662.22
3,57222,2.4,2,diesel,manual,yes,tier3,16175.22
11,127590,2.8,0,petrol,manual,no,tier1,14723.51
11,133586,1.5,0,petrol,manual,no,tier3,6228.56
3,33603,1.1,1,petrol,automatic,no,tier1,25452.44
11,140082,1.2,2,petrol,manual,no,tier2,5987.18
9,121458,2.2,0,diesel,automatic,no,tier2,16516.77
11,147794,2.6,0,petrol,manual,no,tier3,9502.93
10,139842,1.9,1,diesel,automatic,no,tier2,9316.59
1,12750,2.3,0,petrol,automatic,yes,tier1,26273.56
9,119202,1.1,1,hybrid,automatic,no,tier1,14968.04
0,5087,1.1,2,petrol,automatic,no,tier3,25693.77
9,118169,1.9,2,petrol,manual,no,tier3,10892.31
8,111990,0.9,1,petrol,automatic,yes,tier2,7755.5
14,183371,1.9,3,petrol,automatic,no,tier1,4359.51
0,15623,0.9,0,petrol,automatic,no,tier3,27298.15
0,10298,1.2,2,petrol,automatic,no,tier1,28894.68
5,65356,1.8,1,electric,manual,no,tier2,22719.1
9,107903,1.9,1,petrol,automatic,no,tier1,13223.95
6,90696,1.2,1,diesel,automatic,no,tier1,18062.13
15,191376,1.8,1,petrol,automatic,no,tier2,1200.0
9,130173,1.5,2,diesel,automatic,yes,tier1,7209.26
2,35101,2.3,1,petrol,automatic,no,tier1,30478.06
2,32259,2.5,0,diesel,manual,no,tier1,28910.4
1,10269,2.6,1,diesel,automatic,no,tier1,30609.76
2,33664,2.9,0,electric,automatic,no,tier2,33581.34
5,55874,1.8,0,petrol,automatic,no,tier3,19915.72
2,34728,2.6,1,diesel,manual,no,tier3,27970.45
8,114456,1.5,0,petrol,manual,yes,tier3,6276.41
0,17844,,2,petrol,automatic,no,tier2,27335.71
6,70945,1.5,0,diesel,manual,no,tier3,16079.95
2,22958,1.6,0,petrol,automatic,no,tier2,26226.71
12,162327,1.7,0,diesel,manual,no,tier1,8091.21
4,56647,1.7,2,petrol,manual,no,tier1,20076.91
5,51229,0.9,0,diesel,automatic,yes,tier1,16437.09
14,166690,2.0,0,petrol,manual,no,tier1,5478.26
10,134905,3.6,2,diesel,manual,no,tier3,12454.26
8,119189,2.1,1,electric,automatic,no,tier3,16394.63
8,108352,2.4,1,petrol,automatic,no,tier1,17668.48
2,34021,2.6,0,electric,manual,no,tier3,29963.48
0,500,1.7,2,petrol,manual,yes,tier1,24825.59
12,127866,2.5,2,diesel,manual,no,tier1,7960.73
5,72553,2.6,0,hybrid,manual,no,tier2,25196.58
3,34573,2.3,0,diesel,manual,no,tier2,24790.26
11,146793,1.9,1,hybrid,automatic,yes,tier2,5889.74
3,42748,1.9,0,electric,manual,no,tier1,28362.96
10,120486,1.5,1,petrol,manual,no,tier2,10559.79
2,27192,2.6,0,petrol,manual,no,tier1,29141.8
11,130796,1.4,2,hybrid,automatic,no,tier1,12315.88
9,100531,1.5,0,diesel,automatic,no,tier1,14912.27
11,144224,0.9,0,petrol,automatic,no,tier2,6349.34
9,126165,1.6,1,diesel,automatic,no,tier3,11087.62
1,20949,2.5,2,diesel,manual,no,tier3,27687.23
12,152196,1.4,1,petrol,automatic,no,tier2,4009.3
12,140314,1.6,1,diesel,automatic,no,tier3,5771.18
14,183851,2.4,0,petrol,manual,yes,tier1,1200.0
13,178092,2.5,2,diesel,manual,yes,tier1,1200.0
10,142203,1.7,2,diesel,manual,no,tier3,9429.2
3,41132,1.2,1,petrol,manual,no,tier1,23103.56
0,500,1.8,0,petrol,manual,no,tier3,28382.98
7,97999,1.6,0,petrol,manual,no,tier1,17814.2
9,113472,1.2,0,diesel,manual,no,tier3,10833.08
4,47280,2.1,1,petrol,manual,yes,tier1,19384.96
1,43514,1.9,0,electric,manual,no,tier2,30634.8
10,102906,1.4,3,hybrid,automatic,no,tier1,12045.31
7,93973,1.3,1,diesel,manual,no,tier1,15053.44
4,60234,1.9,0,diesel,manual,no,tier1,21917.46
14,188866,1.7,3,petrol,manual,no,tier2,1200.0
4,41899,3.2,2,hybrid,manual,yes,tier3,21305.38
1,12129,1.9,0,petrol,manual,no,tier2,26963.62
4,41023,1.4,0,electric,manual,no,tier1,25620.81
15,183317,2.4,1,diesel,automatic,no,tier2,1200.0
11,153062,2.6,1,petrol,automatic,no,tier1,11740.53
10,116869,1.2,2,hybrid,automatic,no,tier1,12586.9
9,113305,2.2,2,diesel,manual,yes,tier3,8822.37
2,33377,2.5,0,diesel,manual,no,tier1,27480.48
9,105291,1.6,0,hybrid,automatic,no,tier2,15311.99
1,8749,1.8,2,petrol,automatic,no,tier3,27403.0
6,72825,2.6,1,electric,automatic,yes,tier2,18282.72
8,115116,1.3,1,petrol,automatic,no,tier3,12833.67
0,11501,1.5,1,petrol,automatic,no,tier3,28198.19
6,76883,1.9,2,diesel,automatic,yes,tier1,16940.36
1,20575,1.5,0,petrol,manual,yes,tier3,20205.11
14,163858,1.7,0,hybrid,automatic,no,tier1,9514.9
8,115982,1.8,1,diesel,automatic,no,tier2,14479.58
14,186496,1.7,2,petrol,manual,no,tier3,1200.0
1,7090,1.6,0,diesel,automatic,yes,tier1,25024.43
15,174403,1.4,0,diesel,manual,no,tier3,1200.0
4,44521,1.1,2,diesel,manual,yes,tier3,14104.41
2,38842,3.2,1,petrol,automatic,no,tier3,26913.86
10,135334,2.6,2,diesel,automatic,yes,tier3,4502.13
10,127304,2.0,1,petrol,manual,no,tier2,9655.03
2,22208,1.5,2,petrol,manual,no,tier1,25006.3
9,107285,1.9,0,diesel,manual,no,tier2,11776.38
12,147378,2.5,2,hybrid,manual,yes,tier3,2637.89
3,35501,1.6,2,diesel,manual,no,tier2,22551.75
15,174617,0.9,2,diesel,automatic,no,tier1,1689.96
4,65396,2.0,1,diesel,manual,no,tier2,21827.69
6,70142,2.1,1,diesel,automatic,no,tier3,20108.59
7,104205,1.9,0,petrol,automatic,no,tier1,17172.81
14,181759,1.6,1,diesel,manual,no,tier1,4163.48
2,41378,1.0,1,hybrid,manual,yes,tier1,21287.71
9,101762,2.3,2,petrol,automatic,yes,tier2,8154.27
5,68144,2.1,0,petrol,automatic,no,tier1,20964.72
13,162963,1.7,0,petrol,manual,yes,tier1,1200.0
1,24077,1.0,0,electric,manual,no,tier1,30850.24
10,131267,1.9,0,petrol,manual,no,tier1,11719.86
4,56001,1.4,0,diesel,automatic,no,tier2,20983.52
5,77197,2.2,3,diesel,manual,yes,tier1,17601.0
14,168722,2.0,0,electric,manual,no,tier2,6633.53
8,86267,2.0,2,petrol,automatic,no,tier1,18171.13
5,69308,1.5,1,petrol,manual,no,tier3,17448.43
14,160997,0.9,1,diesel,automatic,no,tier2,2961.73
3,43882,1.5,0,electric,automatic,no,tier3,24640.47
5,84010,1.9,0,diesel,automatic,no,tier2,20253.17
6,79155,2.3,0,electric,manual,no,tier2,21459.42
13,178195,1.5,0,petrol,automatic,yes,tier3,1200.0
3,41416,1.9,1,petrol,automatic,no,tier3,22660.43
1,22520,2.2,2,hybrid,automatic,no,tier1,30498.83
15,194071,1.9,0,diesel,manual,no,tier2,3081.57
13,165330,2.0,3,hybrid,manual,no,tier3,4732.52
10,125729,1.1,0,hybrid,automatic,no,tier2,10213.84
7,86025,1.6,1,petrol,manual,no,tier3,15927.9
8,92216,3.3,1,electric,manual,no,tier1,24507.61
5,70071,2.3,0,petrol,automatic,no,tier3,18001.23
14,174245,1.2,0,petrol,manual,no,tier2,1200.0
13,164085,1.1,1,petrol,manual,no,tier2,5210.25
3,34994,1.7,1,petrol,manual,yes,tier1,18515.66
7,99500,2.3,0,petrol,manual,no,tier1,20758.65
1,35356,3.6,0,electric,automatic,no,tier1,36200.76
14,166602,1.7,1,diesel,manual,no,tier2,1775.06
7,89637,2.3,0,diesel,automatic,no,tier1,20851.54
2,27721,1.6,0,petrol,automatic,no,tier1,30207.96
8,119079,1.2,0,petrol,automatic,no,tier1,13961.33
11,133933,2.3,1,diesel,manual,no,tier3,7690.11
4,43156,1.7,1,diesel,automatic,no,tier1,25728.1
2,23897,1.4,0,diesel,automatic,yes,tier1,24314.5
12,143939,2.2,0,petrol,manual,no,tier1,7363.47
6,89559,0.9,2,petrol,automatic,no,tier2,16087.2
9,132584,0.9,0,petrol,manual,no,tier1,10316.89
2,17841,1.9,0,hybrid,manual,no,tier1,30940.81
7,82124,2.0,2,petrol,manual,no,tier3,18016.81
3,35501,1.6,2,diesel,manual,no,tier2,22551.75
3,47924,1.1,0,diesel,automatic,no,tier3,22810.23
2,28355,1.3,0,diesel,manual,no,tier3,23840.54
12,140195,2.5,0,hybrid,manual,no,tier2,12050.85
5,65304,2.3,1,petrol,manual,no,tier2,20078.94
5,59095,1.8,3,diesel,automatic,no,tier2,19092.8
2,26289,1.9,2,petrol,automatic,no,tier2,27326.8
11,149412,1.7,2,diesel,manual,no,tier1,9405.87
9,111853,2.8,0,diesel,automatic,no,tier1,18009.76
4,60583,2.7,2,diesel,manual,no,tier2,24913.94
2,34582,2.2,1,diesel,automatic,no,tier3,23984.45
3,56513,1.4,4,petrol,automatic,no,tier1,20457.73
6,90841,2.3,0,petrol,automatic,yes,tier1,16524.16
8,109551,2.3,0,diesel,automatic,yes,tier3,8849.24
10,131454,2.4,0,hybrid,automatic,no,tier1,14645.87
13,160057,3.0,0,petrol,automatic,no,tier2,8840.06
0,7725,1.9,1,petrol,manual,no,tier1,27541.2
2,33937,1.5,1,electric,automatic,yes,tier3,24081.43
13,156911,1.9,3,petrol,manual,no,tier1,7007.48
9,111041,2.3,2,electric,automatic,no,tier2,16708.25
6,81829,3.0,1,electric,manual,no,tier2,25213.37
4,57119,1.1,1,diesel,automatic,no,tier2,22058.36
13,154411,1.7,2,petrol,manual,no,tier3,4017.79
1,19326,1.8,2,diesel,automatic,no,tier2,26939.64
1,11097,2.8,4,diesel,manual,no,tier1,27800.84
7,88454,2.8,1,petrol,automatic,no,tier2,19700.71
2,54351,2.3,1,petrol,manual,no,tier2,23469.67
12,155930,1.8,1,diesel,automatic,no,tier2,7405.35
13,165665,2.1,0,diesel,manual,no,tier1,6624.79
13,169280,2.0,1,petrol,manual,no,tier1,5441.43
3,47794,1.3,2,petrol,automatic,no,tier1,21915.83
1,13601,2.4,3,petrol,automatic,no,tier1,30181.39
7,96775,2.9,4,petrol,automatic,yes,tier2,12708.09
10,132548,1.3,3,diesel,automatic,no,tier1,10939.0
13,171574,2.1,1,diesel,manual,no,tier3,3689.85
15,192473,2.1,0,petrol,manual,no,tier2,1200.0
0,6401,1.9,1,petrol,automatic,no,tier1,31550.28
5,64602,1.6,1,diesel,manual,no,tier2,18522.78
9,119177,1.1,2,petrol,automatic,no,tier2,11487.29
8,110234,1.6,1,diesel,manual,no,tier1,13915.68
13,173914,2.0,1,petrol,automatic,no,tier3,3245.61
12,154437,2.4,1,petrol,manual,no,tier3,4090.98
4,63014,2.3,0,diesel,manual,no,tier2,22229.41
7,102622,1.5,2,hybrid,manual,yes,tier2,9713.69
11,131479,1.9,1,diesel,manual,no,tier3,8463.11
1,28560,1.6,0,diesel,automatic,no,tier1,31949.7
6,65446,1.3,0,petrol,manual,no,tier3,15101.7
3,55645,3.4,0,petrol,manual,yes,tier1,26025.01
11,128925,1.5,0,petrol,manual,no,tier1,10921.78
5,67521,1.6,0,electric,automatic,no,tier2,23740.69
4,58098,1.6,1,petrol,manual,no,tier3,18842.57
11,152629,2.4,3,petrol,manual,no,tier3,6944.61
11,136637,1.0,2,hybrid,automatic,no,tier2,8099.62
5,84901,2.7,3,petrol,manual,no,tier3,19505.91
9,126066,1.9,0,electric,automatic,no,tier2,19326.66
4,64171,2.0,0,petrol,manual,no,tier1,23529.76
14,162387,1.7,1,petrol,manual,no,tier2,1200.0
3,45849,2.3,2,diesel,manual,yes,tier3,20644.08
7,94315,1.6,2,diesel,automatic,no,tier2,15571.98
0,5679,1.9,1,petrol,manual,no,tier2,27109.52
10,130201,1.6,0,petrol,automatic,no,tier1,10225.8
13,165628,1.5,1,petrol,automatic,no,tier3,4750.29
15,186257,1.2,3,diesel,manual,no,tier1,1822.55
0,18425,2.3,1,petrol,automatic,no,tier2,30136.29
9,121242,2.9,1,petrol,automatic,yes,tier3,8774.59
14,175975,0.9,0,hybrid,automatic,yes,tier2,1200.0
12,140145,1.9,1,diesel,manual,no,tier1,8175.27
14,183055,1.7,1,diesel,manual,no,tier3,1594.37
11,123401,0.9,0,petrol,manual,yes,tier3,2726.85
12,165092,1.6,2,diesel,manual,yes,tier1,1779.49
9,118246,0.9,0,petrol,manual,no,tier3,9987.34
12,152825,2.1,1,petrol,manual,no,tier1,6601.14
4,45290,1.8,1,petrol,manual,no,tier1,24066.89
4,60590,2.4,0,hybrid,manual,no,tier2,25038.31
14,184042,2.2,3,diesel,automatic,no,tier1,5898.75
10,112819,2.0,0,petrol,manual,yes,tier3,4532.67
11,138889,2.6,1,electric,manual,no,tier1,14800.08
12,162809,2.2,0,electric,manual,yes,tier1,8529.64
7,83154,1.7,1,diesel,manual,no,tier2,15723.7
2,34197,0.9,1,petrol,manual,no,tier1,24408.03
3,51955,0.9,4,hybrid,manual,no,tier2,19844.07
15,177181,2.6,1,diesel,manual,no,tier3,1525.66
4,46740,1.7,1,petrol,manual,no,tier2,19383.95
4,57997,1.6,0,petrol,manual,no,tier1,20183.06
7,95816,1.2,3,diesel,manual,no,tier3,12131.52
10,116954,1.2,1,petrol,manual,no,tier1,11844.6
11,149441,1.3,0,petrol,manual,yes,tier2,3521.24
1,17621,1.7,1,hybrid,manual,yes,tier1,24512.17
1,3540,1.2,0,petrol,manual,no,tier3,25886.95
1,22818,2.2,0,hybrid,manual,yes,tier3,22839.53
15,201154,0.9,0,diesel,automatic,no,tier1,1200.0
3,54348,1.4,0,petrol,automatic,yes,tier1,18395.21
13,164372,1.4,0,hybrid,automatic,no,tier2,6276.5
4,59212,2.4,0,petrol,manual,no,tier3,21278.03
0,500,1.9,0,electric,manual,no,tier2,33611.12
2,39599,2.0,1,hybrid,automatic,no,tier2,25274.15
10,128424,2.0,2,petrol,manual,no,tier2,8124.57
5,87361,2.2,1,electric,automatic,no,tier3,21832.84
1,24231,0.9,1,diesel,manual,no,tier1,26322.07
2,37310,1.3,0,petrol,manual,no,tier2,25651.06
11,129333,2.0,1,petrol,automatic,yes,tier2,1980.84
9,107903,1.6,0,petrol,manual,no,tier2,11195.56
15,191066,0.9,1,hybrid,automatic,no,tier2,1200.0
5,66880,2.9,0,diesel,manual,no,tier2,22644.93
14,170440,1.1,1,petrol,automatic,no,tier2,1475.64
12,156607,2.2,1,diesel,automatic,no,tier1,9252.86
3,63373,1.6,1,diesel,automatic,no,tier1,24099.31
0,5297,1.5,2,petrol,manual,yes,tier3,23516.5
9,132898,1.7,1,hybrid,automatic,no,tier2,13200.13
5,54561,2.5,0,diesel,automatic,no,tier1,23214.17
5,49250,1.9,0,petrol,manual,no,tier3,19957.76
9,107866,1.4,1,petrol,manual,no,tier3,10478.3
13,152456,1.9,0,petrol,manual,yes,tier3,1200.0
1,18693,,1,electric,manual,no,tier2,30802.12
9,98907,1.9,1,petrol,automatic,yes,tier1,8413.07
9,107623,1.9,0,diesel,automatic,no,tier1,18023.9
2,34676,1.1,2,hybrid,manual,no,tier1,27461.21
9,116842,1.6,1,petrol,manual,no,tier1,12043.87
7,100081,1.9,0,hybrid,manual,no,tier2,19068.07
14,176619,1.8,2,hybrid,manual,no,tier3,1200.0
8,107704,2.5,3,petrol,manual,no,tier2,15049.17
2,41168,1.0,0,petrol,automatic,no,tier2,25530.08
8,93999,2.0,2,petrol,manual,no,tier3,13308.89
6,86681,1.5,1,petrol,automatic,yes,tier3,11606.36
7,90770,2.4,0,diesel,automatic,no,tier3,17924.94
15,190962,2.3,0,petrol,automatic,no,tier1,1766.64
5,68697,1.2,3,petrol,automatic,yes,tier1,14581.08
0,5463,1.9,1,hybrid,manual,no,tier1,31071.95
12,157125,2.7,2,electric,automatic,yes,tier2,5447.55
2,4510,2.3,3,diesel,automatic,no,tier2,25874.95
2,35818,2.2,0,petrol,automatic,yes,tier2,24000.77
12,146660,1.2,0,electric,automatic,no,tier3,10392.94
4,56509,0.9,2,diesel,manual,no,tier2,16001.83
5,58224,2.6,4,petrol,manual,no,tier1,23758.15
4,61494,1.2,2,diesel,automatic,no,tier2,19263.12
8,111914,1.5,1,diesel,manual,no,tier3,12061.68
9,123251,1.6,1,petrol,automatic,yes,tier2,7278.06
4,55151,1.6,0,diesel,manual,no,tier3,20554.94
4,67515,1.0,1,petrol,manual,no,tier2,17767.89
2,51308,0.9,1,petrol,manual,no,tier1,21798.62
0,14560,2.2,1,diesel,automatic,no,tier3,27004.42
14,171388,1.4,0,diesel,automatic,no,tier3,4101.12
1,18156,1.8,3,electric,automatic,no,tier2,31763.64
15,187379,3.0,2,petrol,manual,no,tier3,1200.0
10,109011,2.2,2,petrol,manual,no,tier2,9611.0
15,188053,1.2,1,petrol,manual,no,tier1,1200.0
10,121657,1.8,2,petrol,automatic,no,tier3,7193.7
3,44751,2.9,0,petrol,automatic,no,tier1,27742.4
15,186088,2.2,1,petrol,automatic,no,tier3,2144.08
3,46768,2.3,0,hybrid,manual,no,tier2,25651.55
11,145339,1.7,1,electric,manual,yes,tier2,6350.81
2,28796,1.2,1,electric,manual,no,tier2,26724.39
14,165931,0.9,0,petrol,manual,no,tier1,2512.61
5,56497,2.5,3,hybrid,automatic,yes,tier1,18667.9
15,208473,1.5,1,petrol,manual,no,tier3,1200.0
7,89196,1.9,0,diesel,automatic,no,tier1,18704.78
4,47746,1.7,1,electric,manual,no,tier1,28104.31
15,176679,1.3,1,hybrid,manual,no,tier3,3249.24
11,135091,1.9,1,diesel,automatic,yes,tier1,5134.94
2,22714,2.1,2,hybrid,manual,no,tier1,27448.24
5,64215,1.7,0,petrol,manual,no,tier2,21775.05
9,110270,1.9,3,diesel,automatic,no,tier3,10310.48
0,500,1.4,0,petrol,automatic,no,tier2,30979.65
14,162407,3.0,0,petrol,manual,no,tier1,5236.79
0,6420,2.4,1,diesel,manual,no,tier3,28949.84
15,193679,0.9,1,petrol,automatic,yes,tier2,1200.0
15,185109,1.8,4,hybrid,automatic,no,tier3,1200.0
3,51413,1.4,0,petrol,automatic,no,tier3,20741.37
4,61105,1.1,2,hybrid,automatic,no,tier3,22421.05
4,45856,2.3,1,petrol,manual,no,tier1,24482.01
0,5400,2.2,2,petrol,manual,yes,tier2,24888.23
7,88136,2.0,1,diesel,manual,no,tier2,14350.79
3,30893,1.8,1,petrol,manual,yes,tier2,19641.77
11,131497,2.0,0,diesel,automatic,no,tier1,10272.0
2,44343,2.6,2,diesel,automatic,no,tier2,29830.57
9,113516,1.4,0,electric,manual,no,tier2,16053.98
11,142381,1.8,2,diesel,automatic,no,tier2,8541.27
13,153465,1.9,1,electric,manual,no,tier1,9457.26
4,50630,0.9,1,electric,manual,no,tier1,23798.09
14,182558,2.2,1,petrol,manual,no,tier1,3997.19
12,154240,2.1,2,diesel,manual,no,tier1,5781.49
15,186514,1.2,2,petrol,manual,yes,tier1,1200.0
0,20708,0.9,3,petrol,manual,no,tier2,25108.95
6,99123,1.4,0,petrol,automatic,no,tier1,18639.04
8,94300,1.3,1,petrol,automatic,no,tier1,14778.05
9,122848,1.8,0,petrol,manual,yes,tier1,9061.78
2,34281,0.9,1,petrol,manual,no,tier1,22321.0
15,182554,1.6,1,diesel,automatic,no,tier2,1200.0
1,19372,1.1,3,diesel,manual,no,tier2,23503.72
7,97144,2.4,0,hybrid,automatic,yes,tier1,15311.23
4,42394,1.3,0,hybrid,automatic,no,tier2,23665.66
11,145519,2.8,1,petrol,manual,no,tier1,13925.98
15,190138,1.4,1,diesel,manual,no,tier1,1695.32
14,184710,1.3,1,diesel,manual,yes,tier1,1200.0
4,55302,2.1,0,hybrid,automatic,yes,tier1,17624.95
1,22265,1.5,1,diesel,automatic,no,tier1,28767.2
10,140938,1.7,2,petrol,automatic,no,tier2,7883.93
0,20265,2.8,1,diesel,manual,no,tier2,31901.95
4,58957,0.9,0,petrol,manual,yes,tier2,13034.96
13,156120,2.0,1,petrol,manual,no,tier2,4495.86
13,172407,0.9,0,hybrid,manual,no,tier1,6284.68
11,133709,,1,diesel,automatic,yes,tier1,4722.45
9,106879,1.5,1,hybrid,manual,no,tier2,10623.35
1,500,1.6,1,diesel,automatic,yes,tier3,24817.35
1,30197,2.1,1,petrol,manual,no,tier2,25789.94
5,74925,1.4,1,hybrid,manual,no,tier3,17628.1
12,145215,2.2,2,diesel,manual,no,tier3,5368.89
10,127138,1.0,1,diesel,automatic,no,tier1,11970.56
3,37031,1.5,0,electric,manual,yes,tier1,21286.92
1,26882,2.0,0,diesel,manual,no,tier2,28502.26
2,34305,1.7,2,diesel,automatic,yes,tier2,20951.24
15,185978,1.6,0,petrol,manual,no,tier1,3624.31
7,90119,1.9,0,diesel,automatic,no,tier1,19573.63
9,128408,1.6,0,petrol,automatic,yes,tier2,6978.56
2,19740,1.9,0,diesel,manual,no,tier1,28960.02
14,175893,2.0,2,petrol,manual,no,tier1,3440.44
12,133748,1.4,0,diesel,automatic,no,tier2,7457.02
0,6922,0.9,1,petrol,automatic,no,tier1,28714.62
7,90119,1.3,0,petrol,automatic,no,tier2,15979.87
2,36999,2.6,0,petrol,automatic,yes,tier2,23860.75
11,143531,2.9,0,diesel,manual,no,tier3,8821.44
9,113447,1.4,1,diesel,manual,no,tier3,10166.49
12,148928,1.6,1,hybrid,manual,no,tier1,10187.87
0,4118,1.6,1,diesel,manual,no,tier3,24786.63
15,192652,2.1,1,hybrid,manual,no,tier1,1200.0
10,134406,2.0,0,diesel,automatic,yes,tier3,7119.7
13,171534,1.4,2,petrol,manual,no,tier2,3248.13
0,12772,1.2,0,petrol,automatic,no,tier2,28265.39
2,16529,1.2,0,petrol,manual,no,tier2,24046.56
11,134216,3.8,1,electric,automatic,no,tier2,15511.44
14,186059,0.9,1,diesel,manual,no,tier2,1200.0
8,91549,0.9,0,diesel,automatic,no,tier1,15496.48
3,45754,2.1,2,diesel,automatic,no,tier1,25960.75
10,127566,0.9,1,electric,automatic,no,tier1,12682.43
2,37446,1.4,2,petrol,manual,no,tier1,26821.51
2,20969,1.5,0,petrol,manual,no,tier1,24411.83
6,92506,1.1,1,diesel,manual,no,tier3,13480.14
14,165363,2.4,0,petrol,manual,no,tier1,5658.75
4,61168,2.0,2,petrol,manual,yes,tier1,16683.37
1,13953,3.0,2,petrol,automatic,yes,tier3,21969.3
3,38669,1.6,0,petrol,manual,yes,tier1,21964.51
1,14908,2.0,0,hybrid,manual,no,tier3,27840.25
15,197201,0.9,0,petrol,manual,no,tier3,1200.0
12,178160,1.3,3,diesel,manual,no,tier1,4264.04
0,500,2.9,0,hybrid,manual,no,tier3,32680.43
2,27261,1.7,3,electric,manual,no,tier2,26938.07
7,104745,1.5,1,diesel,manual,no,tier3,15256.22
13,160435,1.8,2,petrol,manual,no,tier3,3776.7
4,45555,2.2,0,electric,automatic,no,tier1,27097.57
2,23980,1.8,0,diesel,manual,no,tier1,28628.8
10,140281,2.6,1,diesel,manual,yes,tier3,3067.63
4,40270,1.2,0,petrol,automatic,no,tier1,23676.36
2,28260,1.6,2,diesel,manual,no,tier1,22977.62
9,125165,3.2,1,hybrid,automatic,no,tier3,13905.2
12,158049,1.8,0,petrol,automatic,no,tier2,9392.2
14,171254,1.9,0,diesel,automatic,no,tier1,6304.37
13,173842,1.5,2,diesel,automatic,no,tier1,2983.45
14,169394,2.3,1,petrol,manual,no,tier2,4133.93
14,184018,1.7,0,petrol,manual,no,tier1,2251.52
6,82750,2.8,1,diesel,automatic,no,tier3,17078.12
15,178754,2.6,1,electric,automatic,no,tier3,5222.61
5,75953,2.2,2,hybrid,manual,no,tier1,20880.96
7,88926,2.2,3,petrol,automatic,no,tier2,13804.95
5,64361,1.0,0,electric,automatic,no,tier3,18160.31
9,121442,,3,diesel,automatic,no,tier1,11025.47
9,130124,2.1,0,petrol,automatic,no,tier1,14557.2
14,168995,1.5,1,petrol,manual,yes,tier2,1200.0
1,4876,2.3,1,diesel,manual,no,tier3,26970.2
12,148015,1.4,0,diesel,automatic,yes,tier1,4228.31
8,110268,1.6,0,diesel,manual,no,tier3,11761.05
9,133675,2.4,1,hybrid,manual,no,tier2,15730.94
5,76121,1.4,1,hybrid,automatic,yes,tier1,18296.51
2,43973,1.8,0,diesel,manual,no,tier3,25303.13
13,154238,2.0,1,petrol,automatic,no,tier1,6112.76
7,111930,4.0,1,petrol,manual,no,tier1,19812.26
15,178681,2.5,2,diesel,manual,no,tier1,3992.71
13,164195,1.6,1,hybrid,manual,no,tier3,2048.81
12,148156,0.9,1,petrol,automatic,no,tier3,5359.46
15,199158,1.9,1,petrol,manual,yes,tier2,1200.0
0,9449,2.0,0,petrol,automatic,yes,tier1,28298.82
1,3409,2.7,2,hybrid,manual,no,tier2,30707.5
5,68686,0.9,1,diesel,manual,yes,tier3,12973.04
0,12904,1.5,2,diesel,manual,no,tier2,27329.22
10,138722,1.9,0,petrol,manual,no,tier1,11847.04
1,30757,2.5,0,hybrid,automatic,no,tier2,31479.9
5,71025,1.8,0,petrol,manual,no,tier3,19721.59
13,161419,1.9,2,petrol,automatic,yes,tier3,1200.0
6,80573,1.5,0,diesel,automatic,no,tier2,15588.9
3,44589,1.9,0,diesel,automatic,no,tier1,27196.43
12,157371,2.7,0,hybrid,manual,no,tier2,8438.3
5,64063,1.6,2,hybrid,automatic,no,tier2,23198.95
1,19174,1.7,0,petrol,manual,no,tier1,27775.54
7,93753,0.9,0,hybrid,automatic,no,tier1,18246.3
0,5261,1.9,2,hybrid,automatic,yes,tier2,27082.4
6,78236,2.2,1,petrol,automatic,yes,tier2,13325.84
4,54625,2.6,2,petrol,manual,yes,tier3,18348.98
7,95562,2.6,0,electric,automatic,yes,tier3,15385.45
13,177510,1.6,1,petrol,automatic,no,tier1,4241.79
12,155083,2.9,0,diesel,manual,yes,tier2,1951.96
4,46570,3.2,1,electric,manual,no,tier2,28813.56
9,113574,1.4,1,diesel,automatic,no,tier3,13936.0
8,86948,1.0,0,diesel,manual,no,tier3,14911.44
6,84152,1.7,0,diesel,automatic,no,tier1,17519.25
15,191114,1.7,0,petrol,manual,no,tier1,3726.52
1,27670,1.3,1,electric,manual,no,tier1,31304.21
2,27382,1.2,0,diesel,manual,yes,tier1,22199.42
10,124419,1.9,1,petrol,manual,no,tier2,11547.42
10,126788,1.8,1,petrol,automatic,no,tier1,12721.74
11,135222,2.1,2,diesel,manual,no,tier3,8407.38
13,172505,1.7,0,petrol,manual,no,tier1,6207.2
8,113270,1.9,3,hybrid,automatic,no,tier1,13365.62
6,85646,1.1,0,hybrid,manual,no,tier1,19177.67
6,81846,2.0,1,petrol,automatic,no,tier1,20466.37
10,128782,2.0,0,electric,automatic,no,tier3,14389.66
10,139017,1.8,1,petrol,manual,no,tier1,9112.65
7,92777,2.1,1,diesel,manual,no,tier1,15619.98
9,106061,1.4,2,petrol,manual,yes,tier1,6256.65
5,64611,2.1,2,hybrid,manual,no,tier3,21227.48
1,25826,2.1,2,diesel,manual,no,tier1,28161.86
11,131697,2.6,0,diesel,manual,no,tier3,10688.12
4,45125,2.2,2,diesel,automatic,no,tier1,24802.21
5,90097,2.0,1,hybrid,manual,yes,tier3,13010.47
11,154874,2.1,2,diesel,automatic,no,tier1,9570.83
13,186412,1.8,1,petrol,automatic,no,tier1,7637.41
0,500,2.4,0,petrol,manual,no,tier3,31492.41
3,42401,1.7,0,electric,automatic,yes,tier3,23112.17
8,98179,0.9,1,hybrid,automatic,no,tier3,13075.8
6,91049,1.5,0,hybrid,manual,no,tier2,19387.16
14,185477,2.6,0,diesel,automatic,yes,tier3,1200.0
15,211256,1.3,1,petrol,automatic,no,tier1,1200.0
5,65148,1.8,3,petrol,automatic,yes,tier2,15926.48
4,46725,1.9,3,petrol,automatic,no,tier2,23748.33
11,137636,2.2,2,petrol,automatic,no,tier2,6742.5
0,5829,2.7,1,petrol,automatic,no,tier3,31874.45
5,63268,2.6,1,petrol,automatic,no,tier1,21643.82
0,7661,2.4,1,petrol,manual,no,tier3,27438.84
4,54327,2.6,1,petrol,automatic,no,tier1,24374.86
1,10102,3.1,0,petrol,manual,no,tier2,29440.22
3,41758,1.5,0,electric,automatic,no,tier2,28029.34
12,159008,2.1,1,petrol,manual,no,tier3,2700.17
1,33870,1.2,0,electric,automatic,no,tier1,31734.46
12,145067,1.4,1,petrol,automatic,no,tier1,6795.32
11,141214,1.6,1,diesel,manual,no,tier3,5565.76
4,55614,1.9,1,diesel,manual,no,tier3,22736.61
14,184703,1.5,0,diesel,automatic,no,tier1,5710.98
0,9251,2.8,1,hybrid,manual,no,tier3,32348.31
8,112337,2.3,2,diesel,manual,yes,tier1,13608.75
2,29979,2.1,0,diesel,automatic,no,tier2,27052.01
6,77070,0.9,1,electric,automatic,no,tier1,21568.83
7,82957,1.7,0,diesel,manual,no,tier2,16220.04
12,145786,2.2,0,hybrid,automatic,no,tier3,7557.05
10,123803,1.8,0,diesel,manual,no,tier1,9144.67
8,97576,1.3,0,diesel,automatic,yes,tier2,9669.23
11,152599,1.4,0,petrol,manual,yes,tier1,1200.0
6,85878,,0,hybrid,automatic,yes,tier3,14574.62
14,186717,2.2,1,petrol,automatic,no,tier3,2152.73
4,51094,0.9,3,petrol,automatic,yes,tier1,16328.96
10,144365,2.1,0,diesel,manual,no,tier2,8337.44
1,20754,1.6,1,petrol,manual,no,tier1,27843.85
2,32710,2.1,1,diesel,manual,yes,tier1,25011.53
8,104845,1.6,1,hybrid,manual,no,tier2,16124.3
15,188468,2.4,1,diesel,manual,no,tier2,1200.0
3,19954,1.8,0,electric,manual,no,tier3,26443.44
12,154029,2.2,1,hybrid,manual,no,tier1,8836.04
2,27885,0.9,1,petrol,automatic,no,tier3,21840.28
4,46000,1.4,0,hybrid,manual,yes,tier1,23644.71
9,118116,2.1,0,petrol,automatic,no,tier2,14933.34
15,171899,0.9,1,petrol,automatic,no,tier1,1211.16
12,154953,0.9,1,petrol,automatic,no,tier1,6187.35
13,163787,2.1,2,petrol,manual,no,tier2,2112.95
13,181614,2.3,2,electric,automatic,yes,tier1,6374.97
12,141442,1.8,0,diesel,manual,no,tier3,2854.03
14,176818,0.9,0,electric,manual,yes,tier1,1200.0
3,42819,2.4,1,diesel,automatic,no,tier1,26128.4
7,101005,1.6,1,electric,automatic,no,tier3,16838.33
15,199791,0.9,0,diesel,automatic,no,tier2,1200.0
8,125959,2.2,0,diesel,automatic,no,tier3,13933.02
15,187180,2.5,0,petrol,manual,no,tier2,2415.87
13,172832,1.2,1,petrol,manual,no,tier2,1200.0
0,13932,2.6,0,petrol,manual,no,tier1,31726.84
14,171757,2.5,0,diesel,automatic,yes,tier3,1200.0
10,141105,3.2,1,petrol,manual,yes,tier2,7914.21
10,111414,2.6,2,diesel,automatic,no,tier1,14168.57
13,171682,1.3,0,petrol,manual,no,tier3,1200.0
11,131941,0.9,1,petrol,automatic,yes,tier3,1200.0
5,54874,1.8,1,electric,manual,yes,tier1,21878.63
12,150615,1.3,2,diesel,automatic,yes,tier2,1200.0
2,25162,2.4,1,petrol,manual,no,tier2,28938.97
2,35543,1.5,1,diesel,automatic,yes,tier2,18292.91
8,100090,1.9,1,petrol,automatic,no,tier1,15635.49
9,126208,1.9,1,diesel,automatic,no,tier1,15020.9
0,6321,2.6,1,petrol,manual,no,tier2,29521.28
10,130700,1.4,0,electric,manual,yes,tier3,6771.19
11,134885,1.7,1,petrol,automatic,no,tier2,9904.34
8,98170,2.7,2,diesel,manual,no,tier1,17886.51
15,188946,1.9,3,petrol,manual,no,tier3,1200.0
12,148056,2.1,0,petrol,manual,yes,tier3,1200.0
13,164689,0.9,0,petrol,manual,no,tier2,2900.15
11,138799,2.0,0,petrol,automatic,yes,tier3,5569.6
2,20335,1.2,2,petrol,manual,no,tier1,21047.31
9,112212,2.0,2,petrol,manual,no,tier2,12060.04
12,160370,,4,petrol,automatic,yes,tier3,1200.0
5,56674,2.7,0,petrol,automatic,yes,tier2,17835.17
4,70966,1.2,2,diesel,manual,no,tier3,17351.09
10,139109,0.9,0,petrol,manual,no,tier2,6614.4
13,169843,1.9,0,diesel,manual,no,tier1,5737.03
7,105207,1.7,1,petrol,manual,no,tier2,15992.64
5,51966,2.3,3,petrol,manual,no,tier1,20296.65
11,138969,1.5,1,petrol,manual,no,tier2,6703.4
13,170923,2.7,0,diesel,manual,yes,tier1,3050.81
14,166484,1.9,0,petrol,automatic,no,tier3,3398.73
13,154172,1.5,0,diesel,manual,no,tier2,1508.94
10,129571,1.7,2,petrol,manual,no,tier2,11101.3
0,500,2.0,2,petrol,automatic,no,tier1,29774.28
9,116905,2.6,0,diesel,manual,no,tier2,11321.43
10,130171,2.1,0,petrol,automatic,yes,tier3,6631.13
8,111424,2.0,0,petrol,manual,no,tier1,16099.6
